{
    "MAE": 1.4861585711007088,
    "RMSE": 2.5216780621340575,
    "R2": 0.9877119922157424,
    "MAPE": 0.03440689001760711,
    "Explained Variance": 0.9877237934059533
}