{
    "MAE": 1.4285958809407218,
    "RMSE": 2.325549702635149,
    "R2": 0.9889572103183847,
    "MAPE": 0.021261644946874936,
    "Explained Variance": 0.9893876922532292
}