{
  "MAE": 0.42293021593411945,
  "RMSE": 1.9104247511081658,
  "R2": 0.9988835937643057,
  "MAPE": 0.005656067998685755,
  "Explained Variance": 0.9989042914905266
}