{
  "MAE": 0.9782036542892456,
  "RMSE": 2.415436979924253,
  "R2": 0.9979256391525269,
  "MAPE": 0.03074973076581955,
  "Explained Variance": 0.9979274272918701
}