{
  "MAE": 1.0119599103927612,
  "RMSE": 2.484374712098303,
  "R2": 0.9977225065231323,
  "MAPE": 0.03126680478453636,
  "Explained Variance": 0.9977226853370667
}