{
  "MAE": 0.5879666151330369,
  "RMSE": 2.093474501084625,
  "R2": 0.9984771210454906,
  "MAPE": 0.019278066588650163,
  "Explained Variance": 0.9985399196255819
}