{
    "MAE": 1.647602071393816,
    "RMSE": 2.574593020296059,
    "R2": 0.9864742564547605,
    "MAPE": 0.023989829149767678,
    "Explained Variance": 0.9872001612739113
}