{
  "MAE": 0.5762167551054439,
  "RMSE": 1.330541190008519,
  "R2": 0.999210323837978,
  "MAPE": 0.023946443080890754,
  "Explained Variance": 0.9992774903881629
}