{
    "MAE": 1.4477577960656094,
    "RMSE": 2.519358868858424,
    "R2": 0.988038763069273,
    "MAPE": 0.03210623043733093,
    "Explained Variance": 0.9884038572530318
}