{
  "MAE": 1.0329068899154663,
  "RMSE": 2.565116755782215,
  "R2": 0.9977988600730896,
  "MAPE": 0.02824803814291954,
  "Explained Variance": 0.9977999329566956
}