{
  "MAE": 0.39597941122639807,
  "RMSE": 2.501451844939077,
  "R2": 0.9972402809943703,
  "MAPE": 0.004149783447363737,
  "Explained Variance": 0.9972937298565229
}