{
    "MAE": 1.2610872176457333,
    "RMSE": 2.205492224484305,
    "R2": 0.997830281246352,
    "MAPE": 0.0434794366288132,
    "Explained Variance": 0.9978328998594992
}