{
  "MAE": 0.934367835521698,
  "RMSE": 2.412287482354036,
  "R2": 0.9977477788925171,
  "MAPE": 0.030545849353075027,
  "Explained Variance": 0.9977529644966125
}