{
    "MAE": 1.9356611613810655,
    "RMSE": 3.4428872975793046,
    "R2": 0.9785369015829184,
    "MAPE": 0.0831955233012627,
    "Explained Variance": 0.9811632726383623
}