{
  "MAE": 1.4597942952305756,
  "RMSE": 3.1520313036159124,
  "R2": 0.9987919278943981,
  "MAPE": 0.022481838636990072,
  "Explained Variance": 0.9988373765633802
}