{
    "MAE": 1.372351439906479,
    "RMSE": 2.2860432158791375,
    "R2": 0.9890231002503714,
    "MAPE": 0.020625547315218175,
    "Explained Variance": 0.9891004398116384
}