{
  "rmse": 2.3831132162613446,
  "mae": 1.1765556442901075,
  "r2": 0.9961250481220667,
  "mape": 3.960230287886615,
  "directional_accuracy": 0.5701550387596899,
  "best_params": {
    "num_leaves": 180,
    "learning_rate": 0.07532467897684453,
    "feature_fraction": 0.5709733107836065,
    "bagging_fraction": 0.5447469388161794,
    "bagging_freq": 3,
    "min_child_samples": 5,
    "max_depth": 5,
    "reg_alpha": 2.8602086865354783,
    "reg_lambda": 6.681994832440448,
    "n_estimators": 592
  }
}