{
    "MAE": 1.5071805477898301,
    "RMSE": 3.339408941287167,
    "R2": 0.9964450609961948,
    "MAPE": 0.015011021969263733,
    "Explained Variance": 0.9965451574576075
}