{
  "MAE": 1.0480515956878662,
  "RMSE": 2.453507314642728,
  "R2": 0.9979768991470337,
  "MAPE": 0.027293946593999863,
  "Explained Variance": 0.9979836344718933
}