{
    "MAE": 1.9352857547415268,
    "RMSE": 3.4794512915039095,
    "R2": 0.9798654093501475,
    "MAPE": 0.08244073507626848,
    "Explained Variance": 0.9817536229234025
}