{
    "MAE": 1.5108015189575665,
    "RMSE": 2.509874335773081,
    "R2": 0.9874491559415753,
    "MAPE": 0.022731008604629867,
    "Explained Variance": 0.9877862852984739
}