{
    "MAE": 1.7794351381130438,
    "RMSE": 3.2352510943971757,
    "R2": 0.9821121167127995,
    "MAPE": 0.07422784554194589,
    "Explained Variance": 0.9832408247413025
}