{
  "MAE": 0.45333356024168125,
  "RMSE": 2.51321352666262,
  "R2": 0.9976822961809058,
  "MAPE": 0.005220804052799884,
  "Explained Variance": 0.9977276272922007
}