{
  "MAE": 1.5354877774339,
  "RMSE": 3.189845654526862,
  "R2": 0.9987279451174904,
  "MAPE": 0.023275384115017544,
  "Explained Variance": 0.9987816598139596
}