{
    "MAE": 1.3977312254528937,
    "RMSE": 2.9554783924004426,
    "R2": 0.9972485650726997,
    "MAPE": 0.019543281196163657,
    "Explained Variance": 0.9972767797102158
}