{
    "MAE": 1.3131477347328637,
    "RMSE": 2.6294338489396263,
    "R2": 0.997676082059919,
    "MAPE": 0.03081347157667755,
    "Explained Variance": 0.9976939261386477
}