{
    "MAE": 1.532508023884985,
    "RMSE": 2.485851338760614,
    "R2": 0.9873905664640739,
    "MAPE": 0.022344043734011925,
    "Explained Variance": 0.9880646117644414
}