{
  "MAE": 1.4788466611906113,
  "RMSE": 3.187247369863138,
  "R2": 0.9988223420206644,
  "MAPE": 0.02238614280251171,
  "Explained Variance": 0.998860687096327
}