{
  "MAE": 0.4419616084056045,
  "RMSE": 2.510257110940923,
  "R2": 0.9979799238214564,
  "MAPE": 0.005612756480011519,
  "Explained Variance": 0.9980137115950185
}