{
  "MAE": 0.47194896327068936,
  "RMSE": 2.523394054094162,
  "R2": 0.9977672689625308,
  "MAPE": 0.005443414557339355,
  "Explained Variance": 0.9978129205946406
}