{
  "MAE": 0.5814201170514178,
  "RMSE": 2.09340537497502,
  "R2": 0.9984848230389258,
  "MAPE": 0.02012399577750673,
  "Explained Variance": 0.9985447573939584
}