{
    "MAE": 1.7113044780344755,
    "RMSE": 3.1345127688988694,
    "R2": 0.9801922541095409,
    "MAPE": 0.07718182474805185,
    "Explained Variance": 0.9807907106659719
}