{
  "MAE": 1.0569614171981812,
  "RMSE": 2.5012092526770906,
  "R2": 0.9978028535842896,
  "MAPE": 0.03244936838746071,
  "Explained Variance": 0.9978028535842896
}