{
    "MAE": 1.3509629854084866,
    "RMSE": 2.7380433102354673,
    "R2": 0.9974159431775673,
    "MAPE": 0.036505772932757266,
    "Explained Variance": 0.99742006949588
}