{
  "MAE": 1.455242486695219,
  "RMSE": 3.171253387331068,
  "R2": 0.9988383267660267,
  "MAPE": 0.022205351596739586,
  "Explained Variance": 0.998872782307943
}