{
  "MAE": 0.43798866834926925,
  "RMSE": 1.9129648483742012,
  "R2": 0.9989029269782845,
  "MAPE": 0.00591093127574824,
  "Explained Variance": 0.9989253127320958
}