{
  "MAE": 2.2736799716949463,
  "RMSE": 4.093808006283339,
  "R2": 0.998051106929779,
  "MAPE": 0.029345618560910225,
  "Explained Variance": 0.9980723857879639
}