{
  "MAE": 0.43975688620217745,
  "RMSE": 2.499990725930653,
  "R2": 0.9979253295989662,
  "MAPE": 0.0054566592819772055,
  "Explained Variance": 0.9979600697678986
}