{
    "MAE": 1.3852259657470685,
    "RMSE": 2.242526500482703,
    "R2": 0.989164650320316,
    "MAPE": 0.02146599404256163,
    "Explained Variance": 0.9891727928574598
}