{
  "MAE": 1.4640240753108276,
  "RMSE": 3.152405286487896,
  "R2": 0.9988101698285843,
  "MAPE": 0.022505676393287294,
  "Explained Variance": 0.9988547293841146
}