{
  "MAE": 1.482985258102417,
  "RMSE": 3.396526632545133,
  "R2": 0.9949119687080383,
  "MAPE": 0.014042844995856285,
  "Explained Variance": 0.9951927661895752
}