{
    "MAE": 1.8168413727329866,
    "RMSE": 3.191525155127066,
    "R2": 0.9794089222149839,
    "MAPE": 0.07808974649892772,
    "Explained Variance": 0.9805576842366823
}