{
  "MAE": 0.45565266900083257,
  "RMSE": 2.5037984646998646,
  "R2": 0.9979845048888418,
  "MAPE": 0.005689296477015203,
  "Explained Variance": 0.99802131835681
}