{
  "MAE": 1.0665143728256226,
  "RMSE": 2.4268385691417196,
  "R2": 0.9980362057685852,
  "MAPE": 0.03302757441997528,
  "Explained Variance": 0.99803626537323
}