{
  "MAE": 0.4773987849998024,
  "RMSE": 2.510742329020139,
  "R2": 0.997721577648969,
  "MAPE": 0.005409530138176674,
  "Explained Variance": 0.9977698818190872
}