{
  "MAE": 1.475131927024562,
  "RMSE": 3.1894865207552328,
  "R2": 0.9988170257530224,
  "MAPE": 0.022543065084323684,
  "Explained Variance": 0.9988616929343959
}