{
  "MAE": 0.9868394136428833,
  "RMSE": 2.429861179044241,
  "R2": 0.9977251887321472,
  "MAPE": 0.03118991106748581,
  "Explained Variance": 0.9977251887321472
}