{
  "MAE": 0.455530780275417,
  "RMSE": 1.9329355735014317,
  "R2": 0.998823103079201,
  "MAPE": 0.009020635401200952,
  "Explained Variance": 0.9988500279734842
}