{
  "MAE": 0.6051201032554302,
  "RMSE": 1.3522497074164725,
  "R2": 0.9991937620787995,
  "MAPE": 0.024524580964745458,
  "Explained Variance": 0.9992587905511131
}