{
  "MAE": 0.9503892656324259,
  "RMSE": 1.9673588292150426,
  "R2": 0.9982735514640808,
  "MAPE": 0.03907909776568105,
  "Explained Variance": 0.9982810208262444
}