{
    "MAE": 1.8221828249932384,
    "RMSE": 3.3671616829298077,
    "R2": 0.9785789790953705,
    "MAPE": 0.08314377054702277,
    "Explained Variance": 0.9804707088048512
}