{
  "MAE": 1.0000038146972656,
  "RMSE": 2.420138123881728,
  "R2": 0.9977632761001587,
  "MAPE": 0.030800502747297287,
  "Explained Variance": 0.9977632761001587
}