{
  "MAE": 0.4398419991950924,
  "RMSE": 1.9047676465663939,
  "R2": 0.9989136732576871,
  "MAPE": 0.005969424573422367,
  "Explained Variance": 0.9989365723913884
}