{
    "MAE": 1.3830695069689112,
    "RMSE": 2.420792475000601,
    "R2": 0.9885969615211998,
    "MAPE": 0.038924799627993986,
    "Explained Variance": 0.9889125095281107
}