{
  "MAE": 1.0170621871948242,
  "RMSE": 2.499124182831533,
  "R2": 0.9979053735733032,
  "MAPE": 0.029415708035230637,
  "Explained Variance": 0.9979056119918823
}