{
  "MAE": 0.44348790222167433,
  "RMSE": 2.5088669407652247,
  "R2": 0.9978931403151706,
  "MAPE": 0.005368161993408881,
  "Explained Variance": 0.9979294866147324
}