{
  "MAE": 1.0993804931640625,
  "RMSE": 2.6010321915748924,
  "R2": 0.9977219104766846,
  "MAPE": 0.03129362314939499,
  "Explained Variance": 0.9977242946624756
}