{
  "MAE": 0.567850342192361,
  "RMSE": 2.0265412029343457,
  "R2": 0.9986027024200798,
  "MAPE": 0.01973123333980226,
  "Explained Variance": 0.9986567847330006
}