{
  "MAE": 1.9985592484535661,
  "RMSE": 4.16273824078507,
  "R2": 0.9980178475379944,
  "MAPE": 0.026946478193317035,
  "Explained Variance": 0.9980245196059823
}