{
    "MAE": 1.820163448555958,
    "RMSE": 3.3607975129009997,
    "R2": 0.9798221842275001,
    "MAPE": 0.08139463672021013,
    "Explained Variance": 0.9811359252179433
}