{
    "MAE": 1.6231980652662539,
    "RMSE": 2.5693240822268137,
    "R2": 0.9865295610258593,
    "MAPE": 0.023710523868735487,
    "Explained Variance": 0.9874834903031461
}