{
  "MAE": 2.3876445293426514,
  "RMSE": 4.3047149712712365,
  "R2": 0.9977468252182007,
  "MAPE": 0.030959200114011765,
  "Explained Variance": 0.9977924823760986
}