{
    "MAE": 1.482124703959632,
    "RMSE": 2.3631410178110834,
    "R2": 0.9882272747414781,
    "MAPE": 0.02208961734710921,
    "Explained Variance": 0.9884383658724505
}