{
    "MAE": 1.6431526084531392,
    "RMSE": 2.55519513748066,
    "R2": 0.9866737746025297,
    "MAPE": 0.023981913246700785,
    "Explained Variance": 0.9877776705687679
}