{
  "MAE": 1.6343697389971503,
  "RMSE": 3.30502266621395,
  "R2": 0.9986158457420549,
  "MAPE": 0.024310093191638977,
  "Explained Variance": 0.9986892331229362
}