{
    "MAE": 1.5794388020502073,
    "RMSE": 2.7389315628312256,
    "R2": 0.9859147900684684,
    "MAPE": 0.051336406248543666,
    "Explained Variance": 0.9864929719621837
}