{
  "MAE": 0.9450801014900208,
  "RMSE": 1.9803021302567974,
  "R2": 0.9982709288597107,
  "MAPE": 0.039596665650606155,
  "Explained Variance": 0.9982872009277344
}