{
    "MAE": 1.530186555379728,
    "RMSE": 2.614960590189313,
    "R2": 0.9879186706397601,
    "MAPE": 0.032589446083694754,
    "Explained Variance": 0.988246262941467
}