{
    "MAE": 1.5983879048606888,
    "RMSE": 3.241192258284131,
    "R2": 0.996850575934363,
    "MAPE": 0.01616862656759973,
    "Explained Variance": 0.996998092957761
}