{
    "MAE": 1.4066298591908906,
    "RMSE": 2.370273900300622,
    "R2": 0.9893391400816657,
    "MAPE": 0.02295073757345368,
    "Explained Variance": 0.9897821427611495
}