{
  "MAE": 1.4030962732203376,
  "RMSE": 3.1310291499116754,
  "R2": 0.9988759733137765,
  "MAPE": 0.021672834688014952,
  "Explained Variance": 0.9989041653981945
}