{
  "MAE": 0.5298694726804402,
  "RMSE": 2.025031649327922,
  "R2": 0.9986682074134667,
  "MAPE": 0.014437620569985439,
  "Explained Variance": 0.9987117848850746
}