{
  "MAE": 2.394531726837158,
  "RMSE": 4.298291669872681,
  "R2": 0.9977052211761475,
  "MAPE": 0.030960291624069214,
  "Explained Variance": 0.9977344870567322
}