{
  "MAE": 1.4033898425206053,
  "RMSE": 3.140558287570028,
  "R2": 0.9988716039579557,
  "MAPE": 0.021667846001409398,
  "Explained Variance": 0.9988993098741533
}