{
  "MAE": 1.5191524795890237,
  "RMSE": 3.1816333624476645,
  "R2": 0.9987426543657579,
  "MAPE": 0.02315413148009752,
  "Explained Variance": 0.9987938260711555
}