{
  "MAE": 0.45126389454711396,
  "RMSE": 2.4881181159653747,
  "R2": 0.9975616696188008,
  "MAPE": 0.004555533528682346,
  "Explained Variance": 0.9976268284038122
}