{
  "MAE": 1.5175522761614288,
  "RMSE": 3.1673144366299826,
  "R2": 0.9987503187470181,
  "MAPE": 0.023128343636357417,
  "Explained Variance": 0.9988024221725568
}