{
  "MAE": 1.4026859857790726,
  "RMSE": 3.140404677405473,
  "R2": 0.9988715234371851,
  "MAPE": 0.021667240815112926,
  "Explained Variance": 0.9988992392310639
}