{
    "MAE": 1.5158441067944455,
    "RMSE": 2.611706303524554,
    "R2": 0.9862990334555227,
    "MAPE": 0.06196510922969122,
    "Explained Variance": 0.9863688914473115
}