{
  "MAE": 0.5711266260470682,
  "RMSE": 2.035121862196403,
  "R2": 0.9986080668817907,
  "MAPE": 0.019947643149085124,
  "Explained Variance": 0.9986624229286616
}