{
    "MAE": 1.8727426744475166,
    "RMSE": 3.3566500828113175,
    "R2": 0.9816597605637488,
    "MAPE": 0.07875149741582108,
    "Explained Variance": 0.9832176336854728
}