{
  "MAE": 1.4041132498502689,
  "RMSE": 3.141368314923153,
  "R2": 0.9988714226266033,
  "MAPE": 0.021679008665032928,
  "Explained Variance": 0.9988991475499336
}