{
    "MAE": 1.3525286171168331,
    "RMSE": 2.241165079546285,
    "R2": 0.9892997333452433,
    "MAPE": 0.02056520939015112,
    "Explained Variance": 0.989300280438279
}