{
  "MAE": 0.4257072392233695,
  "RMSE": 1.90733497989437,
  "R2": 0.9988632335388384,
  "MAPE": 0.005603540550105026,
  "Explained Variance": 0.9988848070958439
}