{
    "MAE": 1.279582213201621,
    "RMSE": 2.204360502996101,
    "R2": 0.9978575303883591,
    "MAPE": 0.04357673030489223,
    "Explained Variance": 0.9978575438703338
}