{
  "MAE": 1.4005260759474427,
  "RMSE": 3.1374363124480187,
  "R2": 0.9988740328957679,
  "MAPE": 0.02165323796433717,
  "Explained Variance": 0.9989012860517527
}