{
    "MAE": 1.45027487817345,
    "RMSE": 3.1817454513056544,
    "R2": 0.9969470158741907,
    "MAPE": 0.015538668581194404,
    "Explained Variance": 0.9970134945104999
}