{
    "MAE": 1.3856916192937467,
    "RMSE": 2.373120436058867,
    "R2": 0.9897260130119097,
    "MAPE": 0.03125236855273332,
    "Explained Variance": 0.9898434091765718
}