{
  "MAE": 0.5716555031174334,
  "RMSE": 2.0802757808417898,
  "R2": 0.998513885118025,
  "MAPE": 0.02018779667890115,
  "Explained Variance": 0.9985700366775537
}