{
    "MAE": 1.945198040128527,
    "RMSE": 3.522257955916215,
    "R2": 0.9788320746662518,
    "MAPE": 0.08450979868279307,
    "Explained Variance": 0.9808653197727895
}