{
    "MAE": 1.8564676066910706,
    "RMSE": 3.4014695193467355,
    "R2": 0.9770501154035502,
    "MAPE": 0.08337009354330584,
    "Explained Variance": 0.9788851344699829
}