{
  "MAE": 0.40913342705507777,
  "RMSE": 2.5048424200330373,
  "R2": 0.9973942766570458,
  "MAPE": 0.004320362148553592,
  "Explained Variance": 0.9974486617587961
}