{
    "MAE": 1.4713247028723895,
    "RMSE": 2.4416442789848896,
    "R2": 0.9893352807692042,
    "MAPE": 0.03260109795734355,
    "Explained Variance": 0.9894709132331145
}