{
  "MAE": 0.39673339792857193,
  "RMSE": 1.869293890768643,
  "R2": 0.9988860950975244,
  "MAPE": 0.005073926082417493,
  "Explained Variance": 0.9989107037072693
}