{
  "MAE": 1.4741619805314612,
  "RMSE": 3.1542473984510675,
  "R2": 0.9987771900606792,
  "MAPE": 0.022676877364738227,
  "Explained Variance": 0.9988257192727947
}