{
    "MAE": 1.854636428741698,
    "RMSE": 3.4441337450766505,
    "R2": 0.9771166071941821,
    "MAPE": 0.08541109013467248,
    "Explained Variance": 0.9793540421634146
}