{
  "MAE": 0.42107604654934777,
  "RMSE": 1.8993001919915875,
  "R2": 0.9989121202153206,
  "MAPE": 0.00574409437844965,
  "Explained Variance": 0.9989320120806444
}