{
    "MAE": 1.5371571346441857,
    "RMSE": 2.5457030026673935,
    "R2": 0.9873391397248475,
    "MAPE": 0.023530814389542597,
    "Explained Variance": 0.9877347570330057
}