{
    "MAE": 1.819603808697515,
    "RMSE": 3.335996675509667,
    "R2": 0.977552990397875,
    "MAPE": 0.08372599328207198,
    "Explained Variance": 0.9790683277252655
}