{
  "MAE": 0.42658914812978027,
  "RMSE": 2.486622960563375,
  "R2": 0.9976910484604853,
  "MAPE": 0.004838273662138539,
  "Explained Variance": 0.9977340188853434
}