{
    "MAE": 1.5926320397836804,
    "RMSE": 3.464218137819172,
    "R2": 0.9955186857304849,
    "MAPE": 0.0147579997619409,
    "Explained Variance": 0.9956446656462539
}