{
  "MAE": 2.3614747524261475,
  "RMSE": 4.209517712004047,
  "R2": 0.997822105884552,
  "MAPE": 0.030986163765192032,
  "Explained Variance": 0.9978779554367065
}