{
    "MAE": 1.5055997681058149,
    "RMSE": 3.1759714634735925,
    "R2": 0.9969145709478537,
    "MAPE": 0.01562448873362113,
    "Explained Variance": 0.9970045901182004
}