{
    "MAE": 1.45364476538794,
    "RMSE": 2.334268148310459,
    "R2": 0.9888792865104229,
    "MAPE": 0.021293343301807717,
    "Explained Variance": 0.9890173851091355
}