{
  "MAE": 0.4305046600458397,
  "RMSE": 2.4896079853829414,
  "R2": 0.9975048573421177,
  "MAPE": 0.004485917001795907,
  "Explained Variance": 0.9975631492840012
}